{
    "servo": {
        "name": "servo",
        "shape-x": [
            167,
            19
        ],
        "shape-y": [
            167,
            1
        ],
        "dfpd_randomized_step": {
            "elapsed-time": 19.002901315689087,
            "return-point": [
                0.0,
                0.0,
                0.0,
                -0.81689453125,
                0.0,
                0.0,
                0.0,
                0.0,
                0.0,
                0.0,
                1.3502197265625,
                0.0,
                -0.4820556640625,
                -0.4879150390625,
                0.0,
                0.0,
                0.0,
                0.0,
                0.0
            ],
            "min-point": [
                0.0,
                0.0,
                0.0,
                -0.81689453125,
                0.0,
                0.0,
                0.0,
                0.0,
                0.0,
                0.0,
                1.3502197265625,
                0.0,
                -0.4820556640625,
                -0.4879150390625,
                0.0,
                0.0,
                0.0,
                0.0,
                0.0
            ],
            "return-val": 34.2536352700986,
            "min-val": 34.2536352700986,
            "constraint": 4
        }
    },
    "housing": {
        "name": "housing",
        "shape-x": [
            506,
            13
        ],
        "shape-y": [
            506,
            1
        ],
        "dfpd_randomized_step": {
            "elapsed-time": 12.125548124313354,
            "return-point": [
                0.0,
                0.0,
                0.0,
                0.0,
                0.0,
                0.370361328125,
                0.0,
                -0.1121826171875,
                0.0,
                0.0,
                0.0,
                0.0,
                -0.5562744140625
            ],
            "min-point": [
                0.0,
                0.0,
                0.0,
                0.0,
                0.0,
                0.25,
                0.0,
                0.0,
                0.0,
                0.0,
                -0.25,
                0.0,
                -0.5
            ],
            "return-val": 89.3966491385996,
            "min-val": 82.77269224610686,
            "constraint": 3
        }
    }
}