{
    "servo": {
        "name": "servo",
        "shape-x": [
            167,
            19
        ],
        "shape-y": [
            167,
            1
        ],
        "dfpd_randomized_step": {
            "elapsed-time": 17.339389085769653,
            "return-point": [
                0.0,
                0.0,
                0.0,
                -0.8245849609375,
                0.0,
                0.0,
                0.0,
                0.0,
                0.0,
                0.0,
                1.8231201171875,
                0.0,
                0.0,
                0.0,
                -0.5721435546875,
                -0.3807373046875,
                0.0,
                0.0,
                0.0
            ],
            "min-point": [
                0.0,
                0.0,
                0.0,
                -0.8245849609375,
                0.0,
                0.0,
                0.0,
                0.0,
                0.0,
                0.0,
                1.8231201171875,
                0.0,
                0.0,
                0.0,
                -0.5721435546875,
                -0.3807373046875,
                0.0,
                0.0,
                0.0
            ],
            "return-val": 34.63957335763615,
            "min-val": 34.63957335763615,
            "constraint": 4
        }
    }
}