{
    "servo": {
        "name": "servo",
        "shape-x": [
            167,
            19
        ],
        "shape-y": [
            167,
            1
        ],
        "dfpd-brestart": {
            "elapsed-time": 7.99677038192749,
            "return-point": [
                0.0,
                0.0,
                0.0,
                -0.9375,
                -0.46875,
                0.0,
                0.0,
                0.0,
                0.0,
                0.0,
                1.5625,
                0.0,
                -0.375,
                0.0,
                0.0,
                0.0,
                0.0,
                0.0,
                0.0
            ],
            "min-point": [
                0.0,
                0.0,
                -0.4375,
                -1.0625,
                -0.59375,
                0.0,
                0.0,
                0.0,
                0.0,
                0.0,
                1.671875,
                0.0,
                0.0,
                0.0,
                0.0,
                0.0,
                0.0,
                0.0,
                0.0
            ],
            "return-val": 33.21581924664258,
            "min-val": 30.33370691884305,
            "constraint": 4
        }
    },
    "housing": {
        "name": "housing",
        "shape-x": [
            506,
            13
        ],
        "shape-y": [
            506,
            1
        ],
        "dfpd-brestart": {
            "elapsed-time": 5.464085817337036,
            "return-point": [
                0.0,
                0.0,
                0.0,
                0.0,
                0.0,
                0.34375,
                0.0,
                -0.1875,
                0.0,
                0.0,
                0.0,
                0.0,
                -0.515625
            ],
            "min-point": [
                0.0,
                0.0,
                0.0,
                0.0,
                0.0,
                0.34375,
                0.0,
                0.0,
                0.0,
                0.0,
                -0.25,
                0.0,
                -0.515625
            ],
            "return-val": 93.40051411746958,
            "min-val": 83.23461349083271,
            "constraint": 3
        }
    },
    "forest-fires": {
        "name": "forest-fires",
        "shape-x": [
            517,
            63
        ],
        "shape-y": [
            517,
            1
        ],
        "dfpd-brestart": {
            "elapsed-time": 55.643486738204956,
            "return-point": [
                -0.359375,
                0.0,
                0.0,
                0.0,
                0.0,
                -0.171875,
                -0.453125,
                -0.40625,
                -0.265625,
                0.0,
                0.0,
                0.0,
                0.0,
                0.0,
                0.0,
                0.0,
                0.0,
                0.0,
                0.0,
                0.0,
                0.0,
                0.0,
                0.0,
                0.0,
                0.0,
                0.0,
                0.0,
                -0.375,
                0.0,
                0.0,
                0.0,
                0.0,
                0.0,
                0.0,
                0.0,
                0.0,
                0.0,
                0.0,
                0.0,
                0.203125,
                0.375,
                -0.1875,
                0.0,
                0.0,
                0.0,
                0.421875,
                0.0,
                0.0,
                0.0,
                0.28125,
                2.703125,
                0.515625,
                0.0,
                0.5625,
                0.0,
                0.0,
                0.0,
                -0.09375,
                0.0,
                0.0,
                0.0,
                0.0,
                0.0
            ],
            "min-point": [
                -0.21875,
                0.0,
                0.0,
                0.0,
                -0.25,
                0.0,
                -0.390625,
                -0.3125,
                -0.25,
                0.0,
                0.0,
                0.0,
                0.0,
                0.0,
                0.21875,
                0.0,
                0.0,
                0.0,
                0.0,
                0.0,
                0.0,
                0.0,
                0.0,
                0.1875,
                0.0,
                0.0,
                0.0,
                -0.40625,
                0.0,
                0.0,
                0.0,
                0.0,
                0.0,
                0.0,
                0.0,
                0.0,
                0.0,
                0.0,
                0.0,
                0.1875,
                0.359375,
                0.0,
                0.0,
                0.0,
                0.0,
                0.5,
                0.0,
                0.0,
                0.0,
                0.265625,
                2.6875,
                0.5,
                0.0,
                0.53125,
                0.0,
                0.0,
                0.0,
                0.0,
                0.0,
                0.0,
                0.0,
                0.0,
                0.0
            ],
            "return-val": 251.23185698757496,
            "min-val": 249.271227004926,
            "constraint": 15
        }
    },
    "breast-cancer": {
        "name": "breast-cancer",
        "shape-x": [
            194,
            33
        ],
        "shape-y": [
            194,
            1
        ],
        "dfpd-brestart": {
            "elapsed-time": 26.76384663581848,
            "return-point": [
                -0.390625,
                0.0,
                0.0,
                0.0,
                0.0,
                0.0,
                0.0,
                0.0,
                0.0,
                0.0,
                0.0,
                0.0,
                0.0,
                0.390625,
                -0.53125,
                0.0,
                0.5625,
                -0.40625,
                0.0,
                0.0,
                0.0,
                0.46875,
                0.0,
                0.0,
                0.0,
                0.296875,
                -0.40625,
                0.0,
                0.0,
                0.0,
                0.0,
                0.0,
                0.0
            ],
            "min-point": [
                -0.40625,
                0.0,
                0.0,
                0.0,
                0.0,
                0.0,
                0.0,
                0.0,
                0.0,
                0.0,
                -0.3125,
                0.0,
                -0.21875,
                0.421875,
                -0.3125,
                0.0,
                0.53125,
                -0.390625,
                0.0,
                0.0,
                0.0,
                0.0,
                0.0,
                0.0,
                0.0,
                0.296875,
                0.0,
                0.0,
                0.0,
                0.0,
                0.0,
                0.0,
                0.0
            ],
            "return-val": 78.87995953898462,
            "min-val": 77.39093835503623,
            "constraint": 8
        }
    },
    "auto-mpg": {
        "name": "auto-mpg",
        "shape-x": [
            392,
            25
        ],
        "shape-y": [
            392,
            1
        ],
        "dfpd-brestart": {
            "elapsed-time": 16.416467428207397,