{
    "servo": {
        "name": "servo",
        "shape-x": [
            167,
            19
        ],
        "shape-y": [
            167,
            1
        ],
        "dfpd-brestart": {
            "elapsed-time": 9.69028377532959,
            "return-point": [
                0.0,
                0.0,
                -0.28125,
                -0.984375,
                -0.453125,
                0.0,
                0.0,
                -0.4375,
                -0.515625,
                -0.515625,
                1.84375,
                0.0,
                -0.5625,
                0.0,
                0.0,
                0.0,
                0.0,
                0.53125,
                0.0
            ],
            "min-point": [
                0.0,
                0.0,
                -0.28125,
                -0.984375,
                -0.453125,
                0.0,
                0.0,
                -0.4375,
                -0.515625,
                -0.515625,
                1.84375,
                0.0,
                -0.484375,
                0.0,
                0.0,
                0.0,
                0.0,
                0.453125,
                0.0
            ],
            "return-val": 23.368633232943267,
            "min-val": 23.317936633409488,
            "constraint": 9
        }
    },
    "housing": {
        "name": "housing",
        "shape-x": [
            506,
            13
        ],
        "shape-y": [
            506,
            1
        ],
        "dfpd-brestart": {
            "elapsed-time": 8.78065299987793,
            "return-point": [
                0.0,
                0.0,
                0.0,
                0.0,
                -0.265625,
                0.296875,
                0.0,
                -0.3125,
                0.09375,
                0.0,
                -0.25,
                0.0,
                -0.4375
            ],
            "min-point": [
                0.0,
                0.0,
                0.0,
                0.0,
                -0.265625,
                0.296875,
                0.0,
                -0.3125,
                0.0,
                0.0,
                -0.25,
                0.125,
                -0.4375
            ],
            "return-val": 75.56136682067054,
            "min-val": 73.04066302262208,
            "constraint": 6
        }
    },
    "forest-fires": {
        "name": "forest-fires",
        "shape-x": [
            517,
            63
        ],
        "shape-y": [
            517,
            1
        ],
        "dfpd-brestart": {
            "elapsed-time": 68.00898909568787,
            "return-point": [
                -0.484375,
                -0.1875,
                0.0,
                -0.359375,
                -0.125,
                -0.28125,
                -0.59375,
                -0.59375,
                -0.4375,
                -0.328125,
                0.203125,
                0.203125,
                0.0,
                0.0,
                0.234375,
                0.0,
                0.0,
                0.0,
                0.0,
                0.0,
                0.0,
                0.0,
                0.0,
                0.1875,
                -0.21875,
                0.0,
                -0.125,
                -0.40625,
                0.0,
                0.0,
                0.0,
                0.0,
                0.0,
                0.0,
                0.0,
                0.0,
                -0.25,
                -0.171875,
                0.0,
                0.203125,
                0.359375,
                -0.21875,
                0.0,
                0.0,
                0.0,
                0.390625,
                0.0,
                -0.15625,
                0.0,
                0.265625,
                2.65625,
                0.484375,
                0.0,
                0.546875,
                -0.109375,
                0.0,
                0.140625,
                -0.328125,
                0.0,
                0.15625,
                0.0,
                0.0,
                0.0
            ],
            "min-point": [
                -0.484375,
                -0.1875,
                0.0,
                -0.359375,
                -0.125,
                -0.28125,
                -0.59375,
                -0.578125,
                -0.4375,
                -0.328125,
                0.203125,
                0.203125,
                0.0,
                0.0,
                0.234375,
                0.0,
                0.0,
                0.0,
                0.0,
                0.0,
                0.0,
                0.0,
                0.0,
                0.1875,
                -0.21875,
                0.0,
                -0.125,
                -0.40625,
                0.0,
                0.0,
                0.0,
                0.0,
                0.0,
                0.0,
                0.0,
                0.0,
                -0.25,
                -0.171875,
                0.0,
                0.203125,
                0.359375,
                -0.21875,
                0.0,
                0.0,
                0.0,
                0.390625,
                0.0,
                -0.15625,
                0.0,
                0.265625,
                2.65625,
                0.484375,
                0.0,
                0.546875,
                -0.109375,
                0.0,
                0.140625,
                -0.328125,
                0.0,
                0.15625,
                0.0,
                0.0,
                0.0
            ],
            "return-val": 241.36695996334265,
            "min-val": 241.35010468258935,
            "constraint": 31
        }
    },
    "breast-cancer": {
        "name": "breast-cancer",
        "shape-x": [
            194,
            33
        ],
        "shape-y": [
            194,
            1
        ],
        "dfpd-brestart": {
            "elapsed-time": 26.193623065948486,
            "return-point": [
                -0.4375,
                -0.953125,
                0.0,
                0.0,
                0.53125,
                0.40625,
                0.0,
                -0.21875,
                0.0,
                0.0,
                -0.453125,
                0.0,
                -0.25,
                0.671875,
                -0.609375,
                0.0,
                0.6875,
                -0.625,
                -0.1875,
                0.0,
                0.25,
                0.578125,
                0.0,
                0.0,
                0.0,
                0.0,
                -0.703125,
                0.5625,
                0.0,
                0.0,
                0.0,
                0.0,
                0.0
            ],
            "min-point": [
                -0.4375,
                -0.828125,
                -0.125,
                0.0,
                0.390625,
                0.328125,
                0.0,
                0.0,
                0.0,
                0.0,
                -0.453125,
                0.0,
                -0.25,
                0.640625,
                -0.59375,
                0.0,
                0.671875,
                -0.625,
                -0.1875,
                0.0,
                0.234375,
                0.515625,
                0.0,
                0.0,
                0.0,
                0.0,
                -0.65625,
                0.46875,
                0.0,
                0.0,
                0.0,
                0.0,
                0.0
            ],
            "return-val": 65.235206853482,
            "min-val": 65.02372606578871,
            "constraint": 16
        }
    },
    "auto-mpg": {
        "name": "auto-mpg",
        "shape-x": [
            392,
            25
        ],
        "shape-y": [
            392,
            1
        ],