{
    "servo": {
        "name": "servo",
        "shape-x": [
            167,
            19
        ],
        "shape-y": [
            167,
            1
        ],
        "pd": {
            "elapsed-time": 1.579197883605957,
            "return-point": [
                0.0,
                0.0,
                0.0,
                -0.8217186646062448,
                0.0,
                0.0,
                0.0,
                0.0,
                0.0,
                0.0,
                1.3478566207631077,
                0.0,
                -0.48644788903514674,
                -0.49242717376454576,
                0.0,
                0.0,
                0.0,
                0.0,
                0.0
            ],
            "min-point": [
                0.0,
                0.0,
                0.0,
                -0.8217186646062448,
                0.0,
                0.0,
                0.0,
                0.0,
                0.0,
                0.0,
                1.3478566207631077,
                0.0,
                -0.48644788903514674,
                -0.49242717376454576,
                0.0,
                0.0,
                0.0,
                0.0,
                0.0
            ],
            "return-val": 34.25029091165422,
            "min-val": 34.25029091165422,
            "constraint": 4
        },
        "inexact-pd": {
            "elapsed-time": 6.14876914024353,
            "return-point": [
                0.0,
                0.0,
                0.0,
                -0.8226084192036078,
                0.0,
                0.0,
                0.0,
                0.0,
                0.0,
                0.0,
                1.345271704558468,
                0.0,
                -0.48771515141849875,
                -0.4938864812813846,
                0.0,
                0.0,
                0.0,
                0.0,
                0.0
            ],
            "min-point": [
                0.0,
                0.0,
                0.0,
                -0.6587652347228173,
                0.0,
                0.0,
                0.0,
                0.0,
                0.0,
                0.0,
                1.3468707200116699,
                -0.4730736971876668,
                -0.5710578699523374,
                0.0,
                0.0,
                0.0,
                0.0,
                0.0,
                0.0
            ],
            "return-val": 34.24932601157674,
            "min-val": 33.35444474387316,
            "constraint": 4
        },
        "dfpd": {
            "elapsed-time": 9.842939138412476,
            "return-point": [
                0.0,
                0.0,
                0.0,
                0.0,
                0.0,
                0.0,
                0.0,
                0.0,
                0.0,
                0.0,
                0.859375,
                -0.265625,
                0.0,
                0.0,
                0.0,
                0.0625,
                0.0,
                0.0,
                0.0
            ],
            "min-point": [
                0.0,
                0.0,
                -0.5,
                -1.0625,
                -0.625,
                0.0,
                0.0,
                0.0,
                0.0,
                0.0,
                1.6875,
                0.0,
                0.0,
                0.0,
                0.0,
                0.0,
                0.0,
                0.0,
                0.0
            ],
            "return-val": 45.41270025401846,
            "min-val": 30.23704419805989,
            "constraint": 4
        },
        "misto-interi": {
            "elapsed-time": 0.2756204605102539,
            "return-point": [
                0.0,
                0.0,
                -0.4900988111720456,
                -1.0360857092638018,
                -0.645760935195095,
                0.0,
                0.0,
                0.0,
                0.0,
                0.0,
                1.611453782397299,
                0.0,
                0.0,
                0.0,
                0.0,
                0.0,
                0.0,
                0.0,
                0.0
            ],
            "return-val": 30.087549856217862,
            "constraint": 4
        }
    }
}