{
    "servo": {
        "name": "servo",
        "shape-x": [
            167,
            19
        ],
        "shape-y": [
            167,
            1
        ],
        "pd": {
            "elapsed-time": 1.1282522678375244,
            "return-point": [
                0.0,
                0.0,
                0.0,
                -0.9357965315245376,
                -0.4026118561459374,
                0.6086156515642429,
                0.24958996481044846,
                0.0,
                0.0,
                0.0,
                1.8597140327398265,
                0.0,
                -0.6165227082945701,
                -0.6033376600903614,
                -0.693786325599178,
                -0.4813200313405782,
                0.0,
                0.0,
                0.0
            ],
            "min-point": [
                0.0,
                0.0,
                0.0,
                -0.9357965315245376,
                -0.4026118561459374,
                0.6086156515642429,
                0.24958996481044846,
                0.0,
                0.0,
                0.0,
                1.8597140327398265,
                0.0,
                -0.6165227082945701,
                -0.6033376600903614,
                -0.693786325599178,
                -0.4813200313405782,
                0.0,
                0.0,
                0.0
            ],
            "return-val": 22.026012283443116,
            "min-val": 22.026012283443116,
            "constraint": 9
        },
        "inexact-pd": {
            "elapsed-time": 4.709652423858643,
            "return-point": [
                0.25411229993158524,
                0.0,
                0.0,
                -0.6887458861584721,
                0.0,
                0.5681036922336942,
                0.0,
                0.0,
                0.0,
                0.0,
                1.5052170204630284,
                -0.34141266722053215,
                -0.7290136351276942,
                -0.7118511914743395,
                -0.4545984802603011,
                -0.25436048254021393,
                0.0,
                0.0,
                0.0
            ],
            "min-point": [
                0.25411229993158524,
                0.0,
                0.0,
                -0.6887458861584721,
                0.0,
                0.5681036922336942,
                0.0,
                0.0,
                0.0,
                0.0,
                1.5052170204630284,
                -0.34141266722053215,
                -0.7290136351276942,
                -0.7118511914743395,
                -0.4545984802603011,
                -0.25436048254021393,
                0.0,
                0.0,
                0.0
            ],
            "return-val": 23.001805006168127,
            "min-val": 23.001805006168127,
            "constraint": 9
        },
        "dfpd": {
            "elapsed-time": 10.920571088790894,
            "return-point": [
                0.0,
                0.0,
                0.0,
                -0.203125,
                0.0,
                0.078125,
                0.0,
                0.0,
                0.0,
                0.0,
                0.9375,
                -0.390625,
                -0.171875,
                -0.15625,
                0.0,
                0.15625,
                0.0,
                -0.078125,
                -0.078125
            ],
            "min-point": [
                0.0,
                0.0,
                -0.3125,
                -1.0,
                -0.5,
                0.25,
                0.0,
                -0.3125,
                -0.40625,
                -0.40625,
                1.875,
                0.0,
                0.0,
                0.0,
                -0.265625,
                0.0,
                0.0,
                0.0,
                0.0
            ],
            "return-val": 35.018196149492454,
            "min-val": 22.119852707737877,
            "constraint": 9
        },
        "misto-interi": {
            "elapsed-time": 0.8843057155609131,
            "return-point": [
                0.0,
                0.0,
                -0.27861813339413927,
                -0.9555786993364236,
                -0.46086581763288426,
                0.5595069566605657,
                0.0,
                0.0,
                0.0,
                0.0,
                1.8458225916335125,
                0.0,
                -0.4758689742500911,
                -0.4482991980913403,
                -0.5460002128023119,
                -0.33729331044134025,
                0.0,
                0.0,
                0.0
            ],
            "return-val": 21.802311807312762,
            "constraint": 9
        }
    },
    "housing": {
        "name": "housing",
        "shape-x": [
            506,
            13
        ],
        "shape-y": [
            506,
            1
        ],
        "pd": {
            "elapsed-time": 0.9854373931884766,
            "return-point": [
                0.0,
                0.0,
                0.0,
                0.0,
                -0.2553019483475808,
                0.30920634735923314,
                0.0,
                -0.2741401668316136,
                0.05324637113101919,
                0.0,
                -0.26579461976346247,
                0.0,
                -0.45872883294259253
            ],
            "min-point": [
                0.0,
                0.0,
                0.0,
                0.0,
                -0.2553019483475808,
                0.30920634735923314,
                0.0,
                -0.2741401668316136,
                0.05324637113101919,
                0.0,
                -0.26579461976346247,
                0.0,
                -0.45872883294259253
            ],
            "return-val": 73.53762230565064,
            "min-val": 73.53762230565064,
            "constraint": 6
        },
        "inexact-pd": {
            "elapsed-time": 8.146888971328735,
            "return-point": [
                0.0,
                0.0,
                0.0,
                0.0,
                -0.25507847918215204,
                0.30914833755825954,
                0.0,
                -0.27405799531735664,
                0.05253064753809915,
                0.0,
                -0.2657693005689072,
                0.0,
                -0.45903332399761887
            ],
            "min-point": [
                0.0,
                0.0,
                0.0,
                0.0,
                -0.25507847918215204,
                0.30914833755825954,
                0.0,
                -0.27405799531735664,
                0.05253064753809915,
                0.0,
                -0.2657693005689072,
                0.0,
                -0.45903332399761887
            ],
            "return-val": 73.53702929207157,
            "min-val": 73.53702929207157,
            "constraint": 6
        },
        "dfpd": {
            "elapsed-time": 5.057539224624634,
            "return-point": [
                0.0,
                0.0,
                -0.078125,
                0.0,
                -0.046875,
                0.28125,
                0.0,
                0.0,
                0.0,
                -0.0625,
                -0.15625,
                0.0,
                -0.296875
            ],
            "min-point": [
                0.0,
                0.0,
                0.0,
                0.0,
                -0.171875,
                0.3125,
                0.0,
                -0.265625,
                0.0,
                0.0,
                -0.21875,
                0.09375,
                -0.4375
            ],
            "return-val": 88.05511863636028,
            "min-val": 72.41248849964458,
            "constraint": 6
        },
        "misto-interi": {
            "elapsed-time": 0.12362957000732422,