{
    "servo": {
        "name": "servo",
        "shape-x": [
            167,
            19
        ],
        "shape-y": [
            167,
            1
        ],
        "pd": {
            "elapsed-time": 2.5848636627197266,
            "return-point": [
                0.0,
                0.0,
                0.0,
                -0.8217186646062448,
                0.0,
                0.0,
                0.0,
                0.0,
                0.0,
                0.0,
                1.3478566207631077,
                0.0,
                -0.48644788903514674,
                -0.49242717376454576,
                0.0,
                0.0,
                0.0,
                0.0,
                0.0
            ],
            "min-point": [
                0.0,
                0.0,
                0.0,
                -0.8217186646062448,
                0.0,
                0.0,
                0.0,
                0.0,
                0.0,
                0.0,
                1.3478566207631077,
                0.0,
                -0.48644788903514674,
                -0.49242717376454576,
                0.0,
                0.0,
                0.0,
                0.0,
                0.0
            ],
            "return-val": 34.25029091165422,
            "min-val": 34.25029091165422,
            "constraint": 4
        },
        "inexact-pd": {
            "elapsed-time": 4.352923154830933,
            "return-point": [
                0.0,
                0.0,
                0.0,
                -0.8226084192036078,
                0.0,
                0.0,
                0.0,
                0.0,
                0.0,
                0.0,
                1.345271704558468,
                0.0,
                -0.48771515141849875,
                -0.4938864812813846,
                0.0,
                0.0,
                0.0,
                0.0,
                0.0
            ],
            "min-point": [
                0.0,
                0.0,
                0.0,
                -0.6587652347228173,
                0.0,
                0.0,
                0.0,
                0.0,
                0.0,
                0.0,
                1.3468707200116699,
                -0.4730736971876668,
                -0.5710578699523374,
                0.0,
                0.0,
                0.0,
                0.0,
                0.0,
                0.0
            ],
            "return-val": 34.24932601157674,
            "min-val": 33.35444474387316,
            "constraint": 4
        },
        "dfpd_b_restart": {
            "elapsed-time": 8.104163408279419,
            "return-point": [
                0.0,
                0.0,
                0.0,
                -0.9375,
                -0.46875,
                0.0,
                0.0,
                0.0,
                0.0,
                0.0,
                1.5625,
                0.0,
                -0.375,
                0.0,
                0.0,
                0.0,
                0.0,
                0.0,
                0.0
            ],
            "min-point": [
                0.0,
                0.0,
                -0.4375,
                -1.0625,
                -0.59375,
                0.0,
                0.0,
                0.0,
                0.0,
                0.0,
                1.671875,
                0.0,
                0.0,
                0.0,
                0.0,
                0.0,
                0.0,
                0.0,
                0.0
            ],
            "return-val": 33.21581924664258,
            "min-val": 30.33370691884305,
            "constraint": 4
        },
        "misto-interi": {
            "elapsed-time": 1.3947410583496094,
            "return-point": [
                0.0,
                0.0,
                -0.4900988111720456,
                -1.0360857092638018,
                -0.645760935195095,
                0.0,
                0.0,
                0.0,
                0.0,
                0.0,
                1.611453782397299,
                0.0,
                0.0,
                0.0,
                0.0,
                0.0,
                0.0,
                0.0,
                0.0
            ],
            "return-val": 30.087549856217862,
            "constraint": 4
        },
        "dfpd_randomized_step": {
            "elapsed-time": 16.18648052215576,
            "return-point": [
                0.0,
                0.0,
                0.0,
                -0.8265380859375,
                0.0,
                0.0,
                0.0,
                0.0,
                0.0,
                0.0,
                1.562255859375,
                0.0,
                -0.4642333984375,
                0.0,
                -0.4217529296875,
                0.0,
                0.0,
                0.0,
                0.0
            ],
            "min-point": [
                0.0,
                0.0,
                0.0,
                -0.8265380859375,
                0.0,
                0.0,
                0.0,
                0.0,
                0.0,
                0.0,
                1.562255859375,
                0.0,
                -0.4642333984375,
                0.0,
                -0.4217529296875,
                0.0,
                0.0,
                0.0,
                0.0
            ],
            "return-val": 34.18286715528248,
            "min-val": 34.18286715528248,
            "constraint": 4
        }
    }
}